gene,4600.5
encode,504.5
duplicate,38.5
define,24.5
target,18.5
specifically,16.5
identify,15.5
protein,13.5
single,13.5
occur,13.5
accumulation,13.5
elegans,12.5
transcriptional,12.5
divergent,12.5
derive,11.5
strong,11.5
upstream,11.5
function,10.5
similarity,10.5
locate,10.5
differentiate,10.5
disperse,10.5
find,9.5
interaction,9.5
organization,9.5
16,9.5
vitellogenin,9.5
regulate,8.5
system,8.5
copy,8.5
independent,8.5
finding,8.5
arise,8.5
correspond,8.5
subfamily,8.5
distance,8.5
acid,7.5
important,7.5
difference,7.5
putative,7.5
likely,7.5
basis,7.5
responsible,7.5
multicellular,7.5
surprisingly,7.5
cut,7.5
heterogeneity,7.5
suggest,6.5
mrna,6.5
formation,6.5
common,6.5
analyze,6.5
central,6.5
50,6.5
recently,6.5
morphology,6.5
chromatin,6.5
phenotypic,6.5
contain,6.5
mutate,6.5
neuromuscular,6.5
unlike,6.5
tata,6.5
role,5.5
regulatory,5.5
indicate,5.5
block,5.5
mouse,5.5
homologue,5.5
investigate,5.5
plant,5.5
restrict,5.5
detectable,5.5
differential,5.5
expect,5.5
18,5.5
untranslated,5.5
progression,5.5
operon,5.5
lie,5.5
truncate,5.5
adaptor,5.5
flp,5.5
permissive,5.5
caenorhabditis,4.5
show,4.5
expression,4.5
control,4.5
family,4.5
molecular,4.5
response,4.5
mammalian,4.5
demonstrate,4.5
functional,4.5
vertebrate,4.5
class,4.5
appear,4.5
cause,4.5
lack,4.5
part,4.5
consistent,4.5
loss,4.5
aspect,4.5
undergo,4.5
alternative,4.5
total,4.5
order,4.5
functionally,4.5
codon,4.5
kb,4.5
reveals,4.5
hox,4.5
comparison,4.5
extensive,4.5
distal,4.5
xenopus,4.5
candidate,4.5
possibility,4.5
variable,4.5
secrete,4.5
weak,4.5
absent,4.5
choice,4.5
22,4.5
classical,4.5
inhibits,4.5
main,4.5
ribosomal,4.5
stop,4.5
ass,4.5
limited,4.5
architecture,4.5
susceptibility,4.5
1995,4.5
result,3.5
factor,3.5
generate,3.5
enzyme,3.5
highly,3.5
test,3.5
examine,3.5
active,3.5
characteristic,3.5
assay,3.5
population,3.5
posterior,3.5
carry,3.5
absence,3.5
null,3.5
synthesis,3.5
contribute,3.5
isoforms,3.5
proper,3.5
occurs,3.5
basic,3.5
light,3.5
environmental,3.5
entire,3.5
maintenance,3.5
15,3.5
subsequent,3.5
question,3.5
known,3.5
coding,3.5
weight,3.5
strategy,3.5
cloning,3.5
distinguish,3.5
fertility,3.5
overlap,3.5
transfer,3.5
newly,3.5
imply,3.5
phenomenon,3.5
tandem,3.5
environment,3.5
initially,3.5
failure,3.5
associate,3.5
modify,3.5
inject,3.5
spicule,3.5
implication,3.5
substantial,3.5
complexity,3.5
gf,3.5
rare,3.5
degrade,3.5
strand,3.5
protection,3.5
immunofluorescence,3.5
exists,3.5
collection,3.5
prominent,3.5
extragenic,3.5
tube,3.5
acetyltransferase,3.5
smooth,3.5
nuclease,3.5
greater,3.5
uniformly,3.5
fluid,3.5
atypical,3.5
synmuv,3.5
unclear,3.5
zygotically,3.5
vpe1,3.5
activity,2.5
express,2.5
form,2.5
worm,2.5
pattern,2.5
produce,2.5
element,2.5
map,2.5
know,2.5
previously,2.5
cellular,2.5
rate,2.5
regulation,2.5
position,2.5
relate,2.5
evidence,2.5
chain,2.5
support,2.5
collagen,2.5
10,2.5
nucleotide,2.5
induction,2.5
unique,2.5
additional,2.5
duplication,2.5
condition,2.5
identification,2.5
construct,2.5
significantly,2.5
specification,2.5
short,2.5
propose,2.5
exon,2.5
maintain,2.5
homologs,2.5
biology,2.5
release,2.5
measure,2.5
dominant,2.5
progeny,2.5
primary,2.5
electron,2.5
asymmetry,2.5
proliferation,2.5
point,2.5
pharynx,2.5
bacterial,2.5
inhibition,2.5
100,2.5
iii,2.5
stain,2.5
consist,2.5
begin,2.5
focus,2.5
olfactory,2.5
severe,2.5
12,2.5
11,2.5
intestine,2.5
slow,2.5
fuse,2.5
largely,2.5
apoptotic,2.5
metabolism,2.5
apply,2.5
inductive,2.5
respect,2.5
stimulate,2.5
detail,2.5
loop,2.5
discovery,2.5
structurally,2.5
oogenesis,2.5
flank,2.5
suppression,2.5
field,2.5
superfamily,2.5
retain,2.5
mhc,2.5
60,2.5
progress,2.5
mutagenesis,2.5
detailed,2.5
fact,2.5
hour,2.5
design,2.5
regard,2.5
govern,2.5
inactivate,2.5
mixture,2.5
arrangement,2.5
uptake,2.5
ras,2.5
yolk,2.5
21,2.5
minor,2.5
final,2.5
onset,2.5
differentially,2.5
plasmid,2.5
frequently,2.5
comparable,2.5
obvious,2.5
lesion,2.5
immediately,2.5
easily,2.5
employ,2.5
preferentially,2.5
dehydrogenase,2.5
relevant,2.5
alternatively,2.5
social,2.5
global,2.5
hypersensitive,2.5
recruit,2.5
multigene,2.5
donor,2.5
sterility,2.5
mimic,2.5
trans,2.5
p2,2.5
approximate,2.5
serial,2.5
confers,2.5
precisely,2.5
recording,2.5
survey,2.5
indicator,2.5
finally,2.5
western,2.5
epistatic,2.5
ip3,2.5
speculate,2.5
look,2.5
constraint,2.5
hydrogen,2.5
translocate,2.5
43,2.5
72,2.5
annotation,2.5
reorganization,2.5
sublethal,2.5
ligase,2.5
junctional,2.5
terminally,2.5
clk,2.5
slight,2.5
aromatic,2.5
dying,2.5
modifier,2.5
instability,2.5
magnetic,2.5
cell,1.5
study,1.5
receptor,1.5
rna,1.5
involve,1.5
chromosome,1.5
complex,1.5
affect,1.5
growth,1.5
site,1.5
essential,1.5
body,1.5
amino,1.5
normal,1.5
drosophila,1.5
membrane,1.5
present,1.5
reveal,1.5
vulval,1.5
determine,1.5
member,1.5
lineage,1.5
germ,1.5
mediate,1.5
larval,1.5
tissue,1.5
major,1.5
cdna,1.5
yeast,1.5
multiple,1.5
develop,1.5
somatic,1.5
set,1.5
sperm,1.5
predict,1.5
larva,1.5
differentiation,1.5
rnai,1.5
method,1.5
end,1.5
cycle,1.5
approach,1.5
report,1.5
briggsae,1.5
interact,1.5
motor,1.5
establish,1.5
feature,1.5
binding,1.5
cleavage,1.5
property,1.5
action,1.5
identical,1.5
represent,1.5
suppress,1.5
soil,1.5
range,1.5
heat,1.5
lethal,1.5
rescue,1.5
link,1.5
fragment,1.5
directly,1.5
cluster,1.5
sensitivity,1.5
extract,1.5
closely,1.5
sensitive,1.5
key,1.5
transmembrane,1.5
generation,1.5
inhibitor,1.5
experimental,1.5
apoptosis,1.5
specificity,1.5
alteration,1.5
rapid,1.5
negative,1.5
dependent,1.5
metabolic,1.5
underlie,1.5
metazoan,1.5
chemosensory,1.5
lethality,1.5
recent,1.5
recognize,1.5
period,1.5
subset,1.5
double,1.5
histone,1.5
cue,1.5
location,1.5
linkage,1.5
discuss,1.5
gonadal,1.5
eliminate,1.5
contact,1.5
amount,1.5
reaction,1.5
probe,1.5
laboratory,1.5
catalytic,1.5
case,1.5
calcium,1.5
free,1.5
open,1.5
shape,1.5
parallel,1.5
recombinant,1.5
orientation,1.5
ray,1.5
switch,1.5
isolation,1.5
extension,1.5
distribute,1.5
close,1.5
25,1.5
axis,1.5
substitution,1.5
silence,1.5
finger,1.5
matrix,1.5
restriction,1.5
trna,1.5
consequence,1.5
vary,1.5
search,1.5
serve,1.5
prove,1.5
cysteine,1.5
compound,1.5
timing,1.5
determinant,1.5
inactivation,1.5
turn,1.5
ratio,1.5
blot,1.5
composition,1.5
intercellular,1.5
mosaic,1.5
couple,1.5
help,1.5
locomotion,1.5
die,1.5
unusual,1.5
evolve,1.5
processing,1.5
diversity,1.5
select,1.5
correct,1.5
posse,1.5
particle,1.5
advantage,1.5
invariant,1.5
abundance,1.5
fundamental,1.5
branch,1.5
organize,1.5
establishment,1.5
seam,1.5
24,1.5
14,1.5
stability,1.5
disruption,1.5
17,1.5
consider,1.5
extent,1.5
motility,1.5
survive,1.5
excretory,1.5
efficient,1.5
behaviour,1.5
typical,1.5
regulating,1.5
zygote,1.5
viable,1.5
surround,1.5
mark,1.5
mapping,1.5
fast,1.5
uncoordinated,1.5
enable,1.5
convert,1.5
enter,1.5
tumor,1.5
orthologs,1.5
divergence,1.5
molt,1.5
polarize,1.5
repetitive,1.5
solution,1.5
resource,1.5
acquire,1.5
glycine,1.5
quantitative,1.5
opposite,1.5
bundle,1.5
spermatozoon,1.5
insert,1.5
bound,1.5
long,1.5
space,1.5
mt,1.5
situ,1.5
ancient,1.5
balance,1.5
despite,1.5
suggests,1.5
severely,1.5
oocytes,1.5
diverge,1.5
suitable,1.5
35,1.5
ensure,1.5
run,1.5
hydrophobic,1.5
box,1.5
record,1.5
widespread,1.5
temporally,1.5
proportion,1.5
way,1.5
outer,1.5
appearance,1.5
cortex,1.5
unable,1.5
detection,1.5
similarly,1.5
enzymatic,1.5
constitutive,1.5
efficiency,1.5
adapt,1.5
excellent,1.5
syntaxin,1.5
fall,1.5
physically,1.5
opportunity,1.5
believe,1.5
lim,1.5
isolates,1.5
difficult,1.5
checkpoint,1.5
rich,1.5
testing,1.5
orthologous,1.5
involvement,1.5
message,1.5
crystal,1.5
resolution,1.5
regulates,1.5
criterion,1.5
irradiation,1.5
est,1.5
infection,1.5
lumen,1.5
fourth,1.5
reproduce,1.5
studying,1.5
rrna,1.5
ago,1.5
positional,1.5
dissection,1.5
completion,1.5
indirect,1.5
publish,1.5
readily,1.5
simultaneously,1.5
interpret,1.5
integration,1.5
conversion,1.5
translate,1.5
ash,1.5
partly,1.5
exception,1.5
aggregate,1.5
silencing,1.5
epistasis,1.5
hermaphroditic,1.5
chromatid,1.5
awa,1.5
27,1.5
competition,1.5
date,1.5
phylum,1.5
follow,1.5
align,1.5
predicted,1.5
tightly,1.5
reactive,1.5
substantially,1.5
quality,1.5
arrange,1.5
esterase,1.5
twitchin,1.5
northern,1.5
transfected,1.5
dystrophin,1.5
expansion,1.5
literature,1.5
innate,1.5
microscopic,1.5
bypass,1.5
mutator,1.5
kd,1.5
mediates,1.5
deficient,1.5
miss,1.5
original,1.5
reconstruction,1.5
de,1.5
endoplasmic,1.5
reduces,1.5
chondroitin,1.5
ending,1.5
trace,1.5
bovine,1.5
concert,1.5
comprehensive,1.5
framework,1.5
hundred,1.5
injection,1.5
transduce,1.5
render,1.5
pseudomonas,1.5
vulvaless,1.5
mechanistic,1.5
chapter,1.5
determines,1.5
storage,1.5
mesoderm,1.5
laevis,1.5
phorbol,1.5
valuable,1.5
kidney,1.5
experimentally,1.5
biosynthetic,1.5
postulate,1.5
instance,1.5
join,1.5
rb,1.5
polypeptides,1.5
leucine,1.5
oppose,1.5
compromise,1.5
cells,1.5
trap,1.5
abnormally,1.5
minimal,1.5
gonadogenesis,1.5
epitope,1.5
old,1.5
phosphatidylinositol,1.5
broadly,1.5
wave,1.5
dystrophy,1.5
syndrome,1.5
protective,1.5
ase,1.5
centrosomal,1.5
versus,1.5
digest,1.5
fill,1.5
tgf,1.5
virtually,1.5
extreme,1.5
phylogenetically,1.5
scaffold,1.5
accurately,1.5
95,1.5
iron,1.5
mild,1.5
aqueous,1.5
casein,1.5
hypothesize,1.5
electrophysiological,1.5
incompletely,1.5
continuously,1.5
unusually,1.5
virus,1.5
displacement,1.5
isoelectric,1.5
ask,1.5
neuropeptide,1.5
freeze,1.5
comparing,1.5
degenerative,1.5
lysosomal,1.5
ganglion,1.5
article,1.5
manipulate,1.5
accurate,1.5
isi,1.5
thermosensory,1.5
presume,1.5
try,1.5
mutagenized,1.5
nematoda,1.5
myod,1.5
000,1.5
ice,1.5
symmetrical,1.5
phylogeny,1.5
localized,1.5
gametogenesis,1.5
potentiate,1.5
science,1.5
diffusion,1.5
gnt,1.5
fem,1.5
suit,1.5
midzone,1.5
chemoreceptor,1.5
difficulty,1.5
pseudogenes,1.5
row,1.5
mediating,1.5
relevance,1.5
defines,1.5
nascent,1.5
macromolecule,1.5
blood,1.5
85,1.5
peripheral,1.5
solitary,1.5
decay,1.5
universal,1.5
valve,1.5
restrictive,1.5
poor,1.5
bodywall,1.5
tc4,1.5
depolymerizing,1.5
document,1.5
net,1.5
myogenic,1.5
fgfr,1.5
equivalence,1.5
fixation,1.5
simplicity,1.5
thuringiensis,1.5
category,1.5
sand,1.5
83,1.5
holocentric,1.5
zn,1.5
cytosol,1.5
hamster,1.5
nadh,1.5
wt,1.5
discriminate,1.5
sulphate,1.5
contributes,1.5
glutamatergic,1.5
actually,1.5
qualitative,1.5
corpse,1.5
erk,1.5
markov,1.5
homomeric,1.5
specialization,1.5
microfilament,1.5
dimeric,1.5
encoding,1.5
761,1.5
upr,1.5
periodicity,1.5
sort,1.5
63,1.5
96,1.5
sqv,1.5
egb,1.5
conjunction,1.5
median,1.5
gtpases,1.5
crawling,1.5
polyclonal,1.5
adenine,1.5
doublet,1.5
genbank,1.5
mug,1.5
pulsation,1.5
a2,1.5
interested,1.5
solubility,1.5
p35,1.5
starting,1.5
spring,1.5
hsns,1.5
solve,1.5
ultimate,1.5
97,1.5
oncogene,1.5
glutamine,1.5
favorable,1.5
pig,1.5
blister,1.5
activated,1.5
imprecise,1.5
restores,1.5
nckx,1.5
catalysis,1.5
assessing,1.5
ml,1.5
mx,1.5
protrusion,1.5
communicate,1.5
gas,1.5
propel,1.5
ltr,1.5
triple,1.5
familial,1.5
nurd,1.5
st5,1.5
deacetylase,1.5
lag,1.5
resultant,1.5
minimize,1.5
knob,1.5
nematode,0.5
mutant,0.5
sequence,0.5
mutation,0.5
require,0.5
development,0.5
analysis,0.5
animal,0.5
genetic,0.5
signal,0.5
region,0.5
muscle,0.5
neuron,0.5
domain,0.5
pathway,0.5
include,0.5
dna,0.5
mechanism,0.5
similar,0.5
model,0.5
process,0.5
increase,0.5
structure,0.5
conserve,0.5
effect,0.5
phenotype,0.5
specific,0.5
human,0.5
high,0.5
level,0.5
early,0.5
developmental,0.5
embryo,0.5
stage,0.5
type,0.5
bind,0.5
organism,0.5
genome,0.5
defect,0.5
specie,0.5
act,0.5
kinase,0.5
number,0.5
fate,0.5
strain,0.5
embryonic,0.5
male,0.5
component,0.5
death,0.5
observe,0.5
provide,0.5
hermaphrodite,0.5
adult,0.5
transcription,0.5
product,0.5
isolate,0.5
channel,0.5
large,0.5
small,0.5
allele,0.5
lead,0.5
clone,0.5
distinct,0.5
subunit,0.5
play,0.5
exhibit,0.5
division,0.5
dauer,0.5
group,0.5
induce,0.5
nuclear,0.5
myosin,0.5
characterize,0.5
reduce,0.5
sensory,0.5
low,0.5
molecule,0.5
sex,0.5
age,0.5
span,0.5
repeat,0.5
genomic,0.5
potential,0.5
base,0.5
splice,0.5
data,0.5
precursor,0.5
residue,0.5
program,0.5
germline,0.5
size,0.5
interference,0.5
direct,0.5
migration,0.5
presence,0.5
experiment,0.5
concentration,0.5
activate,0.5
biological,0.5
compare,0.5
detect,0.5
alpha,0.5
inhibit,0.5
fusion,0.5
signaling,0.5
nervous,0.5
ii,0.5
event,0.5
behavior,0.5
localize,0.5
complete,0.5
spindle,0.5
line,0.5
cuticle,0.5
filament,0.5
tc1,0.5
individual,0.5
degree,0.5
intron,0.5
structural,0.5
movement,0.5
screen,0.5
activation,0.5
culture,0.5
homologous,0.5
promoter,0.5
neuronal,0.5
axon,0.5
egg,0.5
temperature,0.5
oocyte,0.5
synaptic,0.5
arrest,0.5
display,0.5
locus,0.5
actin,0.5
pharyngeal,0.5
vivo,0.5
stress,0.5
localization,0.5
decrease,0.5
determination,0.5
remain,0.5
nucleus,0.5
share,0.5
defective,0.5
deletion,0.5
transcript,0.5
pair,0.5
late,0.5
alter,0.5
microtubule,0.5
allow,0.5
identity,0.5
assembly,0.5
variety,0.5
embryogenesis,0.5
peptide,0.5
beta,0.5
meiotic,0.5
ability,0.5
wild,0.5
significant,0.5
distribution,0.5
medium,0.5
information,0.5
length,0.5
regulator,0.5
vulva,0.5
surface,0.5
cytoplasmic,0.5
homolog,0.5
downstream,0.5
vitro,0.5
call,0.5
homology,0.5
motif,0.5
understanding,0.5
touch,0.5
transgenic,0.5
approximately,0.5
hypodermal,0.5
mitotic,0.5
obtain,0.5
behavioral,0.5
production,0.5
resistance,0.5
blastomere,0.5
extracellular,0.5
reporter,0.5
implicate,0.5
influence,0.5
evolutionary,0.5
intracellular,0.5
suppressor,0.5
epithelial,0.5
gonad,0.5
invertebrate,0.5
biochemical,0.5
frequency,0.5
change,0.5
abnormal,0.5
transport,0.5
simple,0.5
ventral,0.5
general,0.5
maternal,0.5
due,0.5
step,0.5
promote,0.5
polarity,0.5
disrupt,0.5
genetically,0.5
critical,0.5
diverse,0.5
characterization,0.5
heavy,0.5
evolution,0.5
relative,0.5
antibody,0.5
fail,0.5
extend,0.5
melanogaster,0.5
intestinal,0.5
thick,0.5
disease,0.5
anterior,0.5
mean,0.5
marker,0.5
asymmetric,0.5
substrate,0.5
food,0.5
ra,0.5
gut,0.5
wall,0.5
coli,0.5
dosage,0.5
transduction,0.5
tyrosine,0.5
nerve,0.5
junction,0.5
recombination,0.5
epidermal,0.5
correlate,0.5
insertion,0.5
terminal,0.5
tail,0.5
sufficient,0.5
technique,0.5
ion,0.5
fluorescent,0.5
polypeptide,0.5
genetics,0.5
morphogenesis,0.5
vesicle,0.5
transposon,0.5
neural,0.5
prevent,0.5
physiological,0.5
reduction,0.5
enhance,0.5
20,0.5
survival,0.5
sexual,0.5
grow,0.5
differ,0.5
mitochondrial,0.5
segregation,0.5
relationship,0.5
describe,0.5
xx,0.5
term,0.5
insight,0.5
bacteria,0.5
longevity,0.5
morphological,0.5
iv,0.5
partially,0.5
research,0.5
related,0.5
oxygen,0.5
leader,0.5
temporal,0.5
female,0.5
depend,0.5
exposure,0.5
guidance,0.5
chemical,0.5
toxicity,0.5
separate,0.5
parasitic,0.5
postembryonic,0.5
eukaryotic,0.5
current,0.5
fly,0.5
accumulate,0.5
time,0.5
shock,0.5
physical,0.5
deficiency,0.5
reproduction,0.5
chromosomal,0.5
core,0.5
daughter,0.5
conservation,0.5
limit,0.5
perform,0.5
apparent,0.5
meiosis,0.5
microscopy,0.5
addition,0.5
strongly,0.5
ligand,0.5
acetylcholine,0.5
need,0.5
wnt,0.5
respond,0.5
homologues,0.5
compensation,0.5
granule,0.5
confirm,0.5
drug,0.5
understand,0.5
requirement,0.5
polymerase,0.5
cod,0.5
yield,0.5
mammal,0.5
phase,0.5
observation,0.5
head,0.5
aging,0.5
protease,0.5
phosphatase,0.5
evolutionarily,0.5
recessive,0.5
tool,0.5
degradation,0.5
damage,0.5
variation,0.5
insect,0.5
database,0.5
gfp,0.5
primarily,0.5
partial,0.5
hypodermis,0.5
transform,0.5
centrosome,0.5
metal,0.5
see,0.5
treatment,0.5
homozygous,0.5
completely,0.5
escherichia,0.5
oxidative,0.5
xo,0.5
able,0.5
initiate,0.5
sister,0.5
great,0.5
facilitate,0.5
nature,0.5
lifespan,0.5
ascaris,0.5
give,0.5
spatial,0.5
project,0.5
glutamate,0.5
decision,0.5
anchor,0.5
hybridization,0.5
phosphorylation,0.5
move,0.5
lateral,0.5
recognition,0.5
combination,0.5
explain,0.5
review,0.5
source,0.5
endogenous,0.5
estimate,0.5
transcribe,0.5
live,0.5
series,0.5
fatty,0.5
divide,0.5
exist,0.5
cerevisiae,0.5
contraction,0.5
label,0.5
translation,0.5
fraction,0.5
transformation,0.5
hypothesis,0.5
apparently,0.5
network,0.5
resemble,0.5
adopt,0.5
wide,0.5
dynamic,0.5
think,0.5
30,0.5
cord,0.5
mass,0.5
cytoplasm,0.5
selection,0.5
compose,0.5
bp,0.5
initial,0.5
neurotransmitter,0.5
affinity,0.5
widely,0.5
trigger,0.5
plasma,0.5
spermatogenesis,0.5
paramyosin,0.5
nearly,0.5
coordinate,0.5
saccharomyces,0.5
organ,0.5
serotonin,0.5
association,0.5
rapidly,0.5
transgene,0.5
gaba,0.5
lay,0.5
day,0.5
stimulus,0.5
reproductive,0.5
mature,0.5
feed,0.5
modulate,0.5
make,0.5
negatively,0.5
generally,0.5
raise,0.5
adjacent,0.5
tip,0.5
gel,0.5
green,0.5
array,0.5
specialize,0.5
manner,0.5
ph,0.5
importance,0.5
purify,0.5
capable,0.5
zygotic,0.5
n2,0.5
confer,0.5
unit,0.5
problem,0.5
effective,0.5
developmentally,0.5
terminus,0.5
essentially,0.5
machinery,0.5
ring,0.5
synthesize,0.5
crucial,0.5
remove,0.5
parasite,0.5
par,0.5
elongation,0.5
intermediate,0.5
issue,0.5
subject,0.5
repress,0.5
repair,0.5
modification,0.5
abnormality,0.5
kill,0.5
library,0.5
conserved,0.5
reflect,0.5
inhibitory,0.5
fat,0.5
density,0.5
mm,0.5
natural,0.5
segment,0.5
reverse,0.5
material,0.5
kda,0.5
living,0.5
host,0.5
encodes,0.5
translational,0.5
reading,0.5
previous,0.5
migrate,0.5
left,0.5
rat,0.5
achieve,0.5
half,0.5
ectopic,0.5
permit,0.5
mitosis,0.5
repression,0.5
abundant,0.5
start,0.5
layer,0.5
internal,0.5
numerous,0.5
portion,0.5
mortality,0.5
unknown,0.5
cascade,0.5
complement,0.5
axonal,0.5
consensus,0.5
em,0.5
initiation,0.5
basal,0.5
adhesion,0.5
secondary,0.5
induces,0.5
transporter,0.5
prior,0.5
variant,0.5
profile,0.5
mode,0.5
l1,0.5
selective,0.5
habituation,0.5
view,0.5
frame,0.5
recovery,0.5
transition,0.5
constitute,0.5
fold,0.5
belong,0.5
maturation,0.5
mitochondrion,0.5
combine,0.5
potentially,0.5
assemble,0.5
dsrna,0.5
nematodes,0.5
homeobox,0.5
expose,0.5
designate,0.5
origin,0.5
13,0.5
gap,0.5
cilium,0.5
rise,0.5
dorsal,0.5
exclusively,0.5
eukaryote,0.5
40,0.5
splicing,0.5
bear,0.5
paper,0.5
suum,0.5
sterile,0.5
contrast,0.5
drive,0.5
content,0.5
zinc,0.5
fluorescence,0.5
isoform,0.5
force,0.5
insulin,0.5
laser,0.5
cytokinesis,0.5
excision,0.5
participate,0.5
ortholog,0.5
shift,0.5
account,0.5
hormone,0.5
chloride,0.5
msp,0.5
transposable,0.5
axenic,0.5
background,0.5
brain,0.5
create,0.5
volatile,0.5
rearrangement,0.5
correlation,0.5
tag,0.5
lipid,0.5
phylogenetic,0.5
existence,0.5
nm,0.5
young,0.5
poorly,0.5
precise,0.5
attachment,0.5
interval,0.5
guide,0.5
resistant,0.5
knowledge,0.5
equivalent,0.5
anesthetic,0.5
place,0.5
organelle,0.5
cortical,0.5
predominantly,0.5
ablation,0.5
antigen,0.5
cross,0.5
investigation,0.5
clear,0.5
adaptation,0.5
spontaneous,0.5
toxic,0.5
continue,0.5
thin,0.5
basement,0.5
sl1,0.5
cone,0.5
introduce,0.5
presynaptic,0.5
constant,0.5
reversal,0.5
fully,0.5
add,0.5
name,0.5
sterol,0.5
sheath,0.5
utilize,0.5
comprise,0.5
value,0.5
transmission,0.5
caspase,0.5
redundant,0.5
area,0.5
embryos,0.5
sample,0.5
segregate,0.5
possibly,0.5
depends,0.5
integrate,0.5
average,0.5
superoxide,0.5
parameter,0.5
greatly,0.5
sodium,0.5
center,0.5
stable,0.5
band,0.5
standard,0.5
gradient,0.5
delta,0.5
discover,0.5
interest,0.5
juvenile,0.5
ivermectin,0.5
bias,0.5
acetylcholinesterase,0.5
side,0.5
homeodomain,0.5
mechanosensory,0.5
sit,0.5
input,0.5
complementation,0.5
intact,0.5
powerful,0.5
heterochronic,0.5
delay,0.5
mechanical,0.5
elevate,0.5
consists,0.5
hatch,0.5
prepare,0.5
alignment,0.5
enhancer,0.5
context,0.5
descendant,0.5
recover,0.5
possess,0.5
cytoskeleton,0.5
section,0.5
cholinergic,0.5
gamma,0.5
especially,0.5
arm,0.5
chemotaxis,0.5
intrinsic,0.5
cosmid,0.5
direction,0.5
circuit,0.5
separation,0.5
radiation,0.5
notch,0.5
enrich,0.5
soluble,0.5
comparative,0.5
apical,0.5
capacity,0.5
potent,0.5
synapsis,0.5
overexpression,0.5
procedure,0.5
signalling,0.5
pathogen,0.5
agent,0.5
connection,0.5
application,0.5
presenilin,0.5
ab,0.5
concern,0.5
poly,0.5
offer,0.5
redivivus,0.5
proteins,0.5
maximum,0.5
thermal,0.5
pcr,0.5
positive,0.5
leave,0.5
stem,0.5
exchange,0.5
viability,0.5
lose,0.5
autosomal,0.5
shown,0.5
transposition,0.5
mat,0.5
endoderm,0.5
tubulin,0.5
linear,0.5
feeding,0.5
synthetic,0.5
positively,0.5
pacificus,0.5
lectin,0.5
biosynthesis,0.5
vpcs,0.5
nicotinic,0.5
anthelmintic,0.5
uv,0.5
pheromone,0.5
fruit,0.5
effector,0.5
forward,0.5
mu,0.5
sl,0.5
independently,0.5
messenger,0.5
accompany,0.5
energy,0.5
domains,0.5
helix,0.5
image,0.5
clearly,0.5
translocation,0.5
sc,0.5
neuroblast,0.5
water,0.5
80,0.5
entry,0.5
longer,0.5
aberrant,0.5
epidermis,0.5
maternally,0.5
take,0.5
advance,0.5
majority,0.5
defecation,0.5
sulfate,0.5
presumably,0.5
spermatid,0.5
fertile,0.5
rod,0.5
organic,0.5
sense,0.5
improve,0.5
removal,0.5
replace,0.5
attractive,0.5
preparation,0.5
orient,0.5
3h,0.5
abolish,0.5
envelope,0.5
restore,0.5
deduce,0.5
spectrum,0.5
outgrowth,0.5
cover,0.5
prophase,0.5
va,0.5
dose,0.5
mutational,0.5
gastrulation,0.5
70,0.5
screening,0.5
analyse,0.5
constitutively,0.5
address,0.5
broad,0.5
activator,0.5
fertilization,0.5
pump,0.5
glucl,0.5
emerge,0.5
atp,0.5
polymorphism,0.5
brenner,0.5
5,0.5
duration,0.5
pachytene,0.5
liver,0.5
toxin,0.5
missense,0.5
sl2,0.5
vector,0.5
continuous,0.5
cap,0.5
liquid,0.5
immune,0.5
contractile,0.5
cytoskeletal,0.5
gata,0.5
full,0.5
genegene,0.5
pore,0.5
selectively,0.5
electrophoresis,0.5
telomere,0.5
uterine,0.5
native,0.5
asymmetrically,0.5
history,0.5
charge,0.5
interfere,0.5
bristol,0.5
attach,0.5
hybrid,0.5
stimulation,0.5
assign,0.5
complementary,0.5
trait,0.5
odorant,0.5
considerable,0.5
extra,0.5
analogous,0.5
subcellular,0.5
physiology,0.5
cd,0.5
engulfment,0.5
patterning,0.5
ten,0.5
potassium,0.5
elicit,0.5
agonist,0.5
character,0.5
random,0.5
slightly,0.5
reach,0.5
pharmacological,0.5
dye,0.5
monoclonal,0.5
pseudopod,0.5
match,0.5
hsn,0.5
local,0.5
cholesterol,0.5
choline,0.5
delete,0.5
differs,0.5
agar,0.5
interneurons,0.5
alleles,0.5
treat,0.5
availability,0.5
lacz,0.5
impair,0.5
chromatography,0.5
zone,0.5
adherens,0.5
nachr,0.5
substitute,0.5
concentrate,0.5
degeneration,0.5
markedly,0.5
m,0.5
26,0.5
extremely,0.5
secretion,0.5
module,0.5
raf,0.5
cytochrome,0.5
originally,0.5
replication,0.5
elucidate,0.5
equal,0.5
staining,0.5
usage,0.5
h3,0.5
hr,0.5
nematicidal,0.5
dynein,0.5
rotation,0.5
muscular,0.5
discrete,0.5
attempt,0.5
extensively,0.5
significance,0.5
prediction,0.5
halothane,0.5
panagrellus,0.5
supplement,0.5
determining,0.5
dramatic,0.5
subsequently,0.5
researcher,0.5
effort,0.5
specifies,0.5
visible,0.5
face,0.5
anatomy,0.5
transient,0.5
apparatus,0.5
involves,0.5
crossover,0.5
external,0.5
senescence,0.5
contribution,0.5
connect,0.5
lyase,0.5
hermaphrodites,0.5
explore,0.5
spot,0.5
amphid,0.5
accord,0.5
fecundity,0.5
dimer,0.5
coil,0.5
90,0.5
19,0.5
flow,0.5
interacts,0.5
dramatically,0.5
expand,0.5
tract,0.5
arabidopsis,0.5
tap,0.5
mainly,0.5
kinesin,0.5
ancestral,0.5
bergerac,0.5
identifying,0.5
uterus,0.5
ubiquitous,0.5
integrin,0.5
ce,0.5
ubiquitin,0.5
cuticular,0.5
autosome,0.5
mesodermal,0.5
peak,0.5
counterpart,0.5
antagonize,0.5
salt,0.5
exit,0.5
dense,0.5
fix,0.5
epithelium,0.5
furrow,0.5
gain,0.5
prevents,0.5
founder,0.5
tc3,0.5
fibrous,0.5
ac,0.5
ax,0.5
gtpase,0.5
requires,0.5
assume,0.5
l4,0.5
protect,0.5
fungi,0.5
morphogenetic,0.5
mix,0.5
mother,0.5
monitor,0.5
parent,0.5
conclude,0.5
visualize,0.5
volume,0.5
dumpy,0.5
efficiently,0.5
evaluate,0.5
killing,0.5
l3,0.5
serine,0.5
nt,0.5
refer,0.5
challenge,0.5
contortus,0.5
manipulation,0.5
infer,0.5
reproducible,0.5
decline,0.5
virulence,0.5
heterologous,0.5
pole,0.5
disorder,0.5
metaphase,0.5
awc,0.5
pcd,0.5
isocitrate,0.5
flanking,0.5
exogenous,0.5
round,0.5
elegansgene,0.5
repressor,0.5
sequencing,0.5
commonly,0.5
execution,0.5
aeruginosa,0.5
communication,0.5
endocytosis,0.5
pi,0.5
measurement,0.5
slowly,0.5
kinetochore,0.5
vesicular,0.5
blast,0.5
farps,0.5
learn,0.5
haemonchus,0.5
cadmium,0.5
murine,0.5
ap,0.5
da,0.5
reference,0.5
cancer,0.5
idea,0.5
effectively,0.5
amber,0.5
interrupt,0.5
levamisole,0.5
conventional,0.5
noncoding,0.5
ache,0.5
chromosomes,0.5
genus,0.5
shorter,0.5
plate,0.5
hsp70,0.5
cation,0.5
heparan,0.5
description,0.5
pkc,0.5
dopamine,0.5
store,0.5
choose,0.5
ec,0.5
rely,0.5
theory,0.5
heterozygous,0.5
ro,0.5
dom,0.5
protocol,0.5
pioneer,0.5
45,0.5
highlight,0.5
penetrant,0.5
multivulva,0.5
anteroposterior,0.5
fiber,0.5
proteolytic,0.5
revertants,0.5
prolong,0.5
partner,0.5
heterotrimeric,0.5
smg,0.5
code,0.5
starvation,0.5
sarcomere,0.5
summarize,0.5
nacl,0.5
uncover,0.5
biomass,0.5
alzheimer,0.5
dissect,0.5
neighbor,0.5
immunoglobulin,0.5
break,0.5
egf,0.5
radical,0.5
ethanol,0.5
acceptor,0.5
remarkably,0.5
quantity,0.5
32,0.5
derivative,0.5
atpase,0.5
synthase,0.5
depletion,0.5
reside,0.5
future,0.5
unequal,0.5
appears,0.5
cultivation,0.5
trp,0.5
compensate,0.5
anaphase,0.5
hold,0.5
state,0.5
deplete,0.5
proximal,0.5
rac,0.5
distantly,0.5
ultrastructural,0.5
antagonist,0.5
pressure,0.5
fertilize,0.5
mum,0.5
fgf,0.5
substance,0.5
chaperone,0.5
asi,0.5
sh3,0.5
extends,0.5
primer,0.5
nr,0.5
incorporate,0.5
t,0.5
dismutase,0.5
anatomical,0.5
shorten,0.5
disulfide,0.5
secretory,0.5
hypomorphic,0.5
soma,0.5
vitamin,0.5
tractable,0.5
amplification,0.5
web,0.5
corps,0.5
ift,0.5
indirectly,0.5
unrelated,0.5
extended,0.5
boundary,0.5
inverted,0.5
presumptive,0.5
ach,0.5
integral,0.5
microscope,0.5
polar,0.5
autonomously,0.5
hybridize,0.5
fashion,0.5
curve,0.5
extrachromosomal,0.5
pombe,0.5
rg,0.5
representative,0.5
aim,0.5
digestion,0.5
bhlh,0.5
parental,0.5
min,0.5
longitudinal,0.5
course,0.5
receive,0.5
pristionchus,0.5
cytosolic,0.5
purification,0.5
evident,0.5
anion,0.5
mapk,0.5
explanation,0.5
attract,0.5
plasticity,0.5
track,0.5
nutrient,0.5
few,0.5
crawl,0.5
avermectin,0.5
hierarchy,0.5
nonsense,0.5
glycoprotein,0.5
osmotic,0.5
gland,0.5
28,0.5
turnover,0.5
hsp16,0.5
roller,0.5
recruitment,0.5
learning,0.5
mediator,0.5
react,0.5
computer,0.5
sediment,0.5
incubation,0.5
illustrate,0.5
excess,0.5
unexpected,0.5
exert,0.5
conclusion,0.5
sea,0.5
inappropriate,0.5
avoid,0.5
phosphorylated,0.5
genotype,0.5
conduct,0.5
abp,0.5
chemically,0.5
aid,0.5
maximal,0.5
23,0.5
genomics,0.5
phosphate,0.5
premature,0.5
consumption,0.5
gabaergic,0.5
acidic,0.5
magnitude,0.5
spatially,0.5
reversion,0.5
antiserum,0.5
primordial,0.5
guanine,0.5
activating,0.5
organismal,0.5
inducible,0.5
netrin,0.5
integrity,0.5
transposase,0.5
special,0.5
vpc,0.5
suggesting,0.5
avoidance,0.5
construction,0.5
notion,0.5
elegansmutant,0.5
supply,0.5
l2,0.5
unidentified,0.5
reversible,0.5
example,0.5
tree,0.5
mating,0.5
striate,0.5
optimal,0.5
amplify,0.5
typically,0.5
properly,0.5
mirnas,0.5
offspring,0.5
brood,0.5
basolateral,0.5
haploid,0.5
neurodegenerative,0.5
respective,0.5
reciprocal,0.5
200,0.5
cyclin,0.5
deleterious,0.5
myofilament,0.5
community,0.5
amenable,0.5
goal,0.5
er,0.5
middle,0.5
controlling,0.5
mb,0.5
inactive,0.5
polarization,0.5
occurrence,0.5
establishing,0.5
rest,0.5
introduction,0.5
bring,0.5
transmit,0.5
bond,0.5
deposit,0.5
300,0.5
intragenic,0.5
antisense,0.5
lattice,0.5
invert,0.5
catalase,0.5
identified,0.5
spermatocyte,0.5
memory,0.5
preference,0.5
past,0.5
cost,0.5
aquatic,0.5
threshold,0.5
eggshell,0.5
helminth,0.5
dissociation,0.5
kinetics,0.5
cu,0.5
nondisjunction,0.5
diet,0.5
me,0.5
progressive,0.5
assess,0.5
true,0.5
sequential,0.5
neutral,0.5
copper,0.5
fitness,0.5
galectin,0.5
promoting,0.5
65,0.5
stretch,0.5
postsynaptic,0.5
fit,0.5
coordinately,0.5
retention,0.5
interesting,0.5
proteome,0.5
reductase,0.5
competence,0.5
interacting,0.5
probability,0.5
copulatory,0.5
template,0.5
ethyl,0.5
morphologically,0.5
respiration,0.5
paralysis,0.5
compartment,0.5
column,0.5
systematic,0.5
million,0.5
enhances,0.5
remarkable,0.5
biologist,0.5
classify,0.5
thaliana,0.5
uncharacterized,0.5
cleave,0.5
homeostasis,0.5
carboxyl,0.5
neurones,0.5
locomotory,0.5
resolve,0.5
ultimately,0.5
interpretation,0.5
mrnas,0.5
trafficking,0.5
roundworm,0.5
technology,0.5
clock,0.5
rhabditid,0.5
analog,0.5
behave,0.5
reticulum,0.5
oligonucleotide,0.5
hydrolase,0.5
operate,0.5
tiny,0.5
beginning,0.5
cyclic,0.5
ecm,0.5
acute,0.5
posteriorly,0.5
retrograde,0.5
transiently,0.5
sulston,0.5
canonical,0.5
f1,0.5
horvitz,0.5
motoneuron,0.5
termination,0.5
strict,0.5
strike,0.5
feminize,0.5
aceti,0.5
48,0.5
orthologue,0.5
training,0.5
volvulus,0.5
probable,0.5
precede,0.5
motion,0.5
coexpressed,0.5
split,0.5
rhabditis,0.5
directs,0.5
distant,0.5
microwave,0.5
400,0.5
minimum,0.5
homeotic,0.5
stabilize,0.5
defense,0.5
subunits,0.5
toxicant,0.5
cyclase,0.5
ci,0.5
replacement,0.5
comprises,0.5
sh2,0.5
h1,0.5
skeletal,0.5
connectivity,0.5
bud,0.5
ancestor,0.5
incomplete,0.5
hydrolysis,0.5
respiratory,0.5
cam,0.5
attribute,0.5
capture,0.5
successfully,0.5
ala,0.5
polyadenylation,0.5
genes,0.5
dtc,0.5
utr,0.5
purified,0.5
relation,0.5
autonomous,0.5
promotes,0.5
rabbit,0.5
constituent,0.5
troponin,0.5
primordium,0.5
considerably,0.5
compete,0.5
1998,0.5
ubiquitously,0.5
exploit,0.5
amine,0.5
execute,0.5
adulthood,0.5
digestive,0.5
crude,0.5
promise,0.5
modulation,0.5
carbon,0.5
sydney,0.5
altered,0.5
isomerase,0.5
excitatory,0.5
focal,0.5
synapse,0.5
geneshow,0.5
attention,0.5
amyloid,0.5
susceptible,0.5
catalyze,0.5
camp,0.5
mutants,0.5
aiy,0.5
rhythm,0.5
calculate,0.5
sugar,0.5
ovary,0.5
302,0.5
quickly,0.5
500,0.5
note,0.5
polycistronic,0.5
work,0.5
intensity,0.5
shed,0.5
mushroom,0.5
neuropeptides,0.5
aba,0.5
fine,0.5
dietary,0.5
scale,0.5
dictate,0.5
unaffected,0.5
partition,0.5
circuitry,0.5
lambda,0.5
patch,0.5
concept,0.5
output,0.5
mek,0.5
artificial,0.5
inherit,0.5
pleiotropic,0.5
pufas,0.5
kilobases,0.5
mutagen,0.5
strength,0.5
spread,0.5
ester,0.5
twist,0.5
mg,0.5
elegansmutation,0.5
dnase,0.5
hatching,0.5
elegansresult,0.5
phospholipid,0.5
canal,0.5
genemutation,0.5
found,0.5
principal,0.5
cathepsin,0.5
rnase,0.5
withdrawal,0.5
pronucleus,0.5
intergenic,0.5
37,0.5
specify,0.5
ankyrin,0.5
orthologues,0.5
ease,0.5
helical,0.5
enhancement,0.5
discus,0.5
elucidation,0.5
accelerate,0.5
lysine,0.5
gate,0.5
percentage,0.5
smad,0.5
chicken,0.5
carbohydrate,0.5
fibroblast,0.5
endocytic,0.5
pairing,0.5
regardless,0.5
e675,0.5
mobility,0.5
desaturase,0.5
nutritional,0.5
elegansshow,0.5
examination,0.5
handedness,0.5
successful,0.5
attraction,0.5
taxon,0.5
lamin,0.5
dd,0.5
entirely,0.5
kind,0.5
replicate,0.5
neurodegeneration,0.5
matter,0.5
arthropod,0.5
dispensable,0.5
spectrin,0.5
gamete,0.5
limitation,0.5
dorsoventral,0.5
methyl,0.5
develops,0.5
antagonistic,0.5
150,0.5
sm,0.5
polymorphic,0.5
generating,0.5
encounter,0.5
simply,0.5
patient,0.5
aa,0.5
microfilaments,0.5
elongate,0.5
maintaining,0.5
nomarski,0.5
scientific,0.5
centromere,0.5
ageing,0.5
urchin,0.5
strictly,0.5
forkhead,0.5
paradigm,0.5
driven,0.5
return,0.5
distinctive,0.5
heteromeric,0.5
modest,0.5
sirnas,0.5
placement,0.5
tubular,0.5
convenient,0.5
velocity,0.5
root,0.5
insoluble,0.5
myoblasts,0.5
confine,0.5
coordination,0.5
collect,0.5
endonuclease,0.5
positioning,0.5
ser,0.5
agreement,0.5
isoflurane,0.5
serum,0.5
cold,0.5
e3,0.5
striking,0.5
generesult,0.5
lumbricoides,0.5
m3,0.5
heterozygote,0.5
ciliated,0.5
periphery,0.5
activates,0.5
anteriorly,0.5
metabolite,0.5
src,0.5
seek,0.5
incubate,0.5
propagate,0.5
easy,0.5
odorants,0.5
pathogenesis,0.5
power,0.5
hsp90,0.5
eleganselegans,0.5
elegansstudy,0.5
southern,0.5
syncytium,0.5
galpha,0.5
inbred,0.5
cellresult,0.5
perturb,0.5
overexpressed,0.5
unstable,0.5
percent,0.5
colleague,0.5
36,0.5
harbor,0.5
destine,0.5
filtration,0.5
insensitive,0.5
interneuron,0.5
conformational,0.5
synaptonemal,0.5
resume,0.5
steroid,0.5
proteolysis,0.5
58,0.5
vital,0.5
turbatrix,0.5
list,0.5
regional,0.5
attractants,0.5
c2,0.5
p,0.5
progressively,0.5
trophic,0.5
phagocytosis,0.5
ig,0.5
degenerin,0.5
afd,0.5
lg,0.5
backward,0.5
labial,0.5
inherent,0.5
coincide,0.5
endpoint,0.5
mtdna,0.5
consistently,0.5
redundancy,0.5
statistical,0.5
circular,0.5
principle,0.5
redundantly,0.5
33,0.5
prolyl,0.5
individually,0.5
ideal,0.5
competent,0.5
prefer,0.5
sexually,0.5
transforming,0.5
dispersal,0.5
conformation,0.5
muscarinic,0.5
condensation,0.5
enzymes,0.5
diapause,0.5
originate,0.5
grown,0.5
stock,0.5
rad,0.5
29,0.5
salmonella,0.5
lengthen,0.5
progenitor,0.5
cavity,0.5
pronuclear,0.5
moderately,0.5
carbonyl,0.5
thermotolerance,0.5
randomly,0.5
sensilla,0.5
tend,0.5
particulate,0.5
tertiary,0.5
rhabditidae,0.5
buccal,0.5
bridge,0.5
developmentgene,0.5
version,0.5
u2af,0.5
ribosome,0.5
preserve,0.5
repellent,0.5
tropomyosin,0.5
plan,0.5
bt,0.5
midline,0.5
diameter,0.5
rho,0.5
synergistic,0.5
mf,0.5
behavioural,0.5
pb,0.5
pc,0.5
pa,0.5
robust,0.5
competitive,0.5
sensation,0.5
dual,0.5
proteinaceous,0.5
ivm,0.5
error,0.5
gentle,0.5
decade,0.5
aminopeptidase,0.5
jnk,0.5
yac,0.5
unc,0.5
path,0.5
paralyze,0.5
axenically,0.5
42,0.5
pou,0.5
biochemistry,0.5
systemic,0.5
proceed,0.5
optical,0.5
engulf,0.5
rtk,0.5
golgi,0.5
spermathecal,0.5
suppresses,0.5
load,0.5
microbial,0.5
methionine,0.5
weakly,0.5
rtks,0.5
utility,0.5
nematocidal,0.5
tolerance,0.5
suicide,0.5
practical,0.5
identifies,0.5
reconstruct,0.5
dependence,0.5
buffer,0.5
ryanodine,0.5
ectodermal,0.5
aurora,0.5
residual,0.5
associative,0.5
cohesion,0.5
fbf,0.5
posttranscriptional,0.5
acedb,0.5
condense,0.5
controlled,0.5
frequent,0.5
glycerol,0.5
varies,0.5
variance,0.5
potency,0.5
microbeam,0.5
alcohol,0.5
breakpoints,0.5
represents,0.5
abeta,0.5
collagenous,0.5
um,0.5
glcnac,0.5
thousand,0.5
h2a,0.5
impact,0.5
corresponds,0.5
naturally,0.5
transcripts,0.5
route,0.5
enclosure,0.5
chimeric,0.5
emphasize,0.5
rnas,0.5
usual,0.5
biologically,0.5
neuroendocrine,0.5
ql,0.5
sr,0.5
tight,0.5
odor,0.5
larvae,0.5
player,0.5
dodecyl,0.5
heart,0.5
prokaryotic,0.5
reason,0.5
humic,0.5
z1,0.5
pivotal,0.5
equally,0.5
coefficient,0.5
resembles,0.5
fish,0.5
glyoxylate,0.5
31,0.5
serotonergic,0.5
55,0.5
54,0.5
engineer,0.5
neurotransmission,0.5
hindgut,0.5
feedback,0.5
acquisition,0.5
pdz,0.5
asymmetrical,0.5
transparent,0.5
h,0.5
predicts,0.5
rule,0.5
eventually,0.5
membranous,0.5
motile,0.5
polyunsaturated,0.5
ectoderm,0.5
surprising,0.5
moderate,0.5
aster,0.5
ubiquinone,0.5
2000,0.5
preliminary,0.5
ksr,0.5
circumferential,0.5
ran,0.5
polycomb,0.5
proteinprotein,0.5
come,0.5
infective,0.5
ultraviolet,0.5
schizosaccharomyces,0.5
cellmutation,0.5
allelic,0.5
symmetry,0.5
specimen,0.5
video,0.5
adaptive,0.5
bipolar,0.5
hand,0.5
analyzing,0.5
developmentshow,0.5
excitation,0.5
homo,0.5
access,0.5
lamina,0.5
partitioning,0.5
diminish,0.5
linker,0.5
centriole,0.5
score,0.5
25c,0.5
gtp,0.5
synchronous,0.5
attenuate,0.5
rear,0.5
characterise,0.5
classic,0.5
tges,0.5
peroxisomal,0.5
alternate,0.5
homogenate,0.5
retard,0.5
glucose,0.5
musculature,0.5
avm,0.5
theoretical,0.5
reflex,0.5
visualization,0.5
inclusion,0.5
dauers,0.5
z4,0.5
quantify,0.5
spermiogenesis,0.5
ensures,0.5
39,0.5
38,0.5
thermotaxis,0.5
adf,0.5
49,0.5
variability,0.5
classification,0.5
terminate,0.5
pten,0.5
clue,0.5
topoisomerase,0.5
cemyod,0.5
diversification,0.5
microinjection,0.5
perturbation,0.5
cellcell,0.5
degenerate,0.5
answer,0.5
commit,0.5
strikingly,0.5
hypersensitivity,0.5
measuring,0.5
lethals,0.5
alters,0.5
myoblast,0.5
proximity,0.5
globular,0.5
perception,0.5
feminization,0.5
lc50,0.5
twofold,0.5
aggregation,0.5
tau,0.5
disrupts,0.5
experience,0.5
34,0.5
investigator,0.5
john,0.5
dopaminergic,0.5
chick,0.5
meet,0.5
increasingly,0.5
spectrometry,0.5
snp,0.5
incidence,0.5
pronounce,0.5
remanei,0.5
success,0.5
spike,0.5
relies,0.5
masculinization,0.5
malate,0.5
ribonucleoprotein,0.5
spermatheca,0.5
carrier,0.5
250,0.5
elegansreport,0.5
inappropriately,0.5
bacterium,0.5
count,0.5
nmr,0.5
disorganize,0.5
exclude,0.5
heterogeneous,0.5
mechanically,0.5
dpy,0.5
shg,0.5
correctly,0.5
bivalent,0.5
cohesin,0.5
outline,0.5
phage,0.5
males,0.5
assignment,0.5
indication,0.5
cellshow,0.5
lesser,0.5
escape,0.5
primitive,0.5
filamentous,0.5
fungus,0.5
sod,0.5
conditional,0.5
knockout,0.5
te,0.5
configuration,0.5
verify,0.5
decarboxylase,0.5
bioassay,0.5
soon,0.5
kinetic,0.5
phasmid,0.5
seed,0.5
efficacy,0.5
concomitant,0.5
roughly,0.5
applicable,0.5
cyclophilin,0.5
proceeds,0.5
colocalizes,0.5
wildtype,0.5
export,0.5
topology,0.5
incorporation,0.5
filarial,0.5
glycosaminoglycans,0.5
contiguous,0.5
anterograde,0.5
peroxidase,0.5
disjunction,0.5
snrnp,0.5
polyq,0.5
rdna,0.5
shortly,0.5
glycosylation,0.5
migrating,0.5
demonstration,0.5
ablate,0.5
cofactor,0.5
adenosine,0.5
fhit,0.5
relaxation,0.5
ionic,0.5
antioxidant,0.5
repertoire,0.5
degreesc,0.5
embryonically,0.5
indicative,0.5
minute,0.5
pull,0.5
fractionation,0.5
automate,0.5
algorithm,0.5
homogeneous,0.5
cgmp,0.5
bacillus,0.5
anal,0.5
marginal,0.5
proline,0.5
university,0.5
malayi,0.5
amoeboid,0.5
conductance,0.5
converge,0.5
implement,0.5
filter,0.5
selectivity,0.5
hsp,0.5
contract,0.5
inability,0.5
annotate,0.5
traditional,0.5
ternary,0.5
favor,0.5
fertilized,0.5
pyrene,0.5
oscheius,0.5
symmetric,0.5
degenerins,0.5
speed,0.5
ovulation,0.5
examining,0.5
cognate,0.5
h4,0.5
dynamin,0.5
tolerate,0.5
ref,0.5
red,0.5
mn,0.5
sucrose,0.5
impose,0.5
pro,0.5
kingdom,0.5
responds,0.5
bilateral,0.5
cargo,0.5
p1,0.5
necrosis,0.5
genemutant,0.5
severity,0.5
elevation,0.5
inside,0.5
transcriptionally,0.5
lgv,0.5
vd,0.5
vi,0.5
interphase,0.5
belongs,0.5
successive,0.5
cellgene,0.5
validate,0.5
dos,0.5
solubilized,0.5
accessible,0.5
evoke,0.5
developmentresult,0.5
caloric,0.5
precocious,0.5
briefly,0.5
polymerization,0.5
internally,0.5
pathogenic,0.5
histochemical,0.5
labeling,0.5
p53,0.5
interface,0.5
dead,0.5
et1,0.5
overlapping,0.5
clade,0.5
elegansnematode,0.5
plm,0.5
clinical,0.5
accomplish,0.5
simulation,0.5
electrical,0.5
arginine,0.5
myofibril,0.5
abundantly,0.5
innervate,0.5
dock180,0.5
invagination,0.5
histidine,0.5
cadherin,0.5
edge,0.5
cooperate,0.5
feasible,0.5
combinatorial,0.5
dimension,0.5
exponential,0.5
real,0.5
perfect,0.5
hyp7,0.5
poona,0.5
jump,0.5
44,0.5
apkc,0.5
foreign,0.5
kinesins,0.5
separable,0.5
analogue,0.5
rodent,0.5
tether,0.5
interfering,0.5
adapter,0.5
diakinesis,0.5
week,0.5
occupy,0.5
phe,0.5
commitment,0.5
solely,0.5
subtle,0.5
ectopically,0.5
deficit,0.5
elegansprotein,0.5
dominate,0.5
medical,0.5
senescent,0.5
pathological,0.5
coat,0.5
arises,0.5
indistinguishable,0.5
bilaterally,0.5
methylation,0.5
1000,0.5
fails,0.5
repulsion,0.5
profound,0.5
coupling,0.5
chemotactic,0.5
astral,0.5
adar,0.5
microarrays,0.5
cholinesterase,0.5
quantitatively,0.5
lipoprotein,0.5
hela,0.5
pufa,0.5
outcrossing,0.5
micrographs,0.5
synergistically,0.5
page,0.5
pathfinding,0.5
chronological,0.5
wealth,0.5
embed,0.5
micrornas,0.5
akap,0.5
displace,0.5
colony,0.5
alm,0.5
remodeling,0.5
75,0.5
dougherty,0.5
laminin,0.5
remainder,0.5
olfaction,0.5
elimination,0.5
plane,0.5
qtl,0.5
gli,0.5
elegansfind,0.5
benefit,0.5
neuronmutant,0.5
differently,0.5
modulating,0.5
gef,0.5
formaldehyde,0.5
stably,0.5
acting,0.5
enterica,0.5
gompertz,0.5
white,0.5
ultrastructure,0.5
represses,0.5
plaque,0.5
kettin,0.5
orfs,0.5
hydroxylase,0.5
pass,0.5
cellcaenorhabditis,0.5
clustering,0.5
petri,0.5
inositol,0.5
tubule,0.5
inversion,0.5
intervention,0.5
proposal,0.5
pool,0.5
farp,0.5
isotypes,0.5
disassembly,0.5
spontaneously,0.5
deal,0.5
electrophoretic,0.5
squash,0.5
evaluation,0.5
onchocerca,0.5
compost,0.5
moiety,0.5
oxidase,0.5
activityresult,0.5
immunity,0.5
mutationmutation,0.5
conjugate,0.5
tc5,0.5
expectancy,0.5
acrobeloides,0.5
extraction,0.5
aberration,0.5
tandemly,0.5
antibiotic,0.5
eif4e,0.5
semidominant,0.5
h2b,0.5
globin,0.5
dauerlarvae,0.5
b1,0.5
bo,0.5
sens,0.5
ps1,0.5
leu,0.5
phb,0.5
habitat,0.5
anaerobic,0.5
nonessential,0.5
glycosaminoglycan,0.5
e2,0.5
nicotine,0.5
f2,0.5
asg,0.5
persists,0.5
gc,0.5
cehcf,0.5
exocytosis,0.5
suggestive,0.5
cyst,0.5
gross,0.5
pkc3,0.5
lf,0.5
syncytial,0.5
health,0.5
utilization,0.5
integrated,0.5
immobilize,0.5
transglutaminase,0.5
reconstitute,0.5
upregulated,0.5
dimerization,0.5
egfr,0.5
therapeutic,0.5
convergence,0.5
pose,0.5
reminiscent,0.5
angstrom,0.5
persistent,0.5
immunological,0.5
simultaneous,0.5
mal,0.5
acetate,0.5
2x,0.5
gal,0.5
deliver,0.5
regression,0.5
serf,0.5
monomer,0.5
neighboring,0.5
microm,0.5
nucleation,0.5
amphidial,0.5
detergent,0.5
ground,0.5
fidelity,0.5
localise,0.5
accumulates,0.5
ctd,0.5
ets,0.5
avenae,0.5
glu,0.5
recognizable,0.5
unfold,0.5
ill,0.5
nonspecific,0.5
stabilization,0.5
lineal,0.5
fungal,0.5
aspartic,0.5
diacetyl,0.5
published,0.5
bzip,0.5
dimorphism,0.5
stressor,0.5
exceptional,0.5
centrifugation,0.5
isolated,0.5
aldicarb,0.5
remodel,0.5
transmitter,0.5
hitherto,0.5
skn,0.5
tcb1,0.5
pigment,0.5
projection,0.5
succinate,0.5
situation,0.5
definition,0.5
infect,0.5
functionshow,0.5
chat,0.5
synonymous,0.5
emb,0.5
unlikely,0.5
600,0.5
mitochondria,0.5
reuptake,0.5
radial,0.5
zipper,0.5
starve,0.5
ro60,0.5
guanylyl,0.5
absolutely,0.5
blue,0.5
trend,0.5
genegenetic,0.5
status,0.5
sole,0.5
neurobiology,0.5
tca,0.5
reducing,0.5
disorganization,0.5
necrotic,0.5
dtcs,0.5
uq,0.5
ag,0.5
elucidating,0.5
computational,0.5
targeting,0.5
flexible,0.5
glutamic,0.5
breed,0.5
zebrafish,0.5
hallmark,0.5
pure,0.5
nose,0.5
dystrobrevin,0.5
m2,0.5
midbody,0.5
r,0.5
cdc42,0.5
arose,0.5
meloidogyne,0.5
organogenesis,0.5
polyglutamine,0.5
defining,0.5
elaborate,0.5
dendrite,0.5
argue,0.5
subclass,0.5
diploid,0.5
binary,0.5
cdnas,0.5
emap,0.5
vertebrates,0.5
characterisation,0.5
vb,0.5
dalton,0.5
nutrition,0.5
forming,0.5
neurogenesis,0.5
cyp,0.5
plasm,0.5
sensor,0.5
orf,0.5
public,0.5
mutantresult,0.5
bulk,0.5
bulb,0.5
46,0.5
wastewater,0.5
assessment,0.5
biogenesis,0.5
pseudocleavage,0.5
79,0.5
131,0.5
polyacrylamide,0.5
glass,0.5
mislocalization,0.5
pathogenicity,0.5
hereditary,0.5
extrinsic,0.5
prevention,0.5
toll,0.5
glycans,0.5
glutathione,0.5
cct,0.5
uniquely,0.5
sustain,0.5
homozygote,0.5
monomeric,0.5
paraquat,0.5
annexin,0.5
grade,0.5
tyr,0.5
subdivide,0.5
decipher,0.5
gravid,0.5
immunoreactive,0.5
aged,0.5
peroxisomes,0.5
molting,0.5
indispensable,0.5
resonance,0.5
spinal,0.5
undertake,0.5
intense,0.5
localizes,0.5
absolute,0.5
cat,0.5
suspension,0.5
periodic,0.5
ic50,0.5
nucleotides,0.5
hairpin,0.5
actively,0.5
import,0.5
transpose,0.5
p12,0.5
destruction,0.5
perspective,0.5
pc2,0.5
front,0.5
ta,0.5
muv,0.5
mildly,0.5
dimorphic,0.5
bioconcentration,0.5
chromatographic,0.5
cease,0.5
taste,0.5
helicase,0.5
mebendazole,0.5
elegansdescribe,0.5
nucleosome,0.5
precision,0.5
systematically,0.5
separately,0.5
dmq,0.5
exceed,0.5
dsx,0.5
presenilins,0.5
index,0.5
pha,0.5
ingest,0.5
phosphorylates,0.5
devote,0.5
precipitate,0.5
tc1a,0.5
capability,0.5
mutagenic,0.5
aser,0.5
providing,0.5
fragmentation,0.5
discrimination,0.5
isolating,0.5
antimicrobial,0.5
calcineurin,0.5
surfactant,0.5
sapiens,0.5
query,0.5
functionresult,0.5
pharmacology,0.5
nh,0.5
eleganssequence,0.5
mutually,0.5
lower,0.5
tension,0.5
rhoa,0.5
diacylglycerol,0.5
masculinize,0.5
ri,0.5
longitudinally,0.5
crop,0.5
fission,0.5
retardation,0.5
causal,0.5
theme,0.5
vu,0.5
550,0.5
pa14,0.5
microarray,0.5
viral,0.5
scheme,0.5
grossly,0.5
tryptophan,0.5
cys,0.5
compatible,0.5
regular,0.5
heritable,0.5
cebnip3,0.5
sophisticated,0.5
molecularly,0.5
ldh,0.5
chiasma,0.5
a1,0.5
actual,0.5
socket,0.5
47,0.5
enteric,0.5
dysfunction,0.5
sdqr,0.5
inducing,0.5
necessarily,0.5
animalresult,0.5
64,0.5
ptk,0.5
phenotypically,0.5
permeability,0.5
nonmuscle,0.5
elegansidentify,0.5
methanesulfonate,0.5
nachrs,0.5
igg,0.5
ferritin,0.5
localisation,0.5
nudix,0.5
modular,0.5
neurongene,0.5
draw,0.5
alanine,0.5
amide,0.5
piece,0.5
calf,0.5
composite,0.5
biochemically,0.5
talin,0.5
dividing,0.5
meeting,0.5
solid,0.5
depression,0.5
thought,0.5
oxidation,0.5
nondauer,0.5
modified,0.5
refractory,0.5
sitosterol,0.5
proteinresult,0.5
consecutive,0.5
centre,0.5
adverse,0.5
stomatin,0.5
p4h,0.5
heating,0.5
homogeneity,0.5
mislocalized,0.5
thesaurus,0.5
machr,0.5
hypoxia,0.5
traffic,0.5
circumferentially,0.5
upregulation,0.5
motorneurons,0.5
effecter,0.5
endodermal,0.5
plot,0.5
1997,0.5
1999,0.5
nongonadal,0.5
barrier,0.5
reserve,0.5
discussion,0.5
nucleic,0.5
showing,0.5
popular,0.5
phospholipase,0.5
stageresult,0.5
http,0.5
trehalose,0.5
radioactive,0.5
responsiveness,0.5
enflurane,0.5
tor,0.5
implies,0.5
irradiate,0.5
clarify,0.5
geneaddition,0.5
productivity,0.5
excise,0.5
dcc,0.5
bifunctional,0.5
picture,0.5
horizontal,0.5
figure,0.5
orphan,0.5
stereotyped,0.5
dissolve,0.5
cadherins,0.5
reliable,0.5
developmentmutation,0.5
fairly,0.5
breakdown,0.5
clay,0.5
unicellular,0.5
penetrance,0.5
monocistronic,0.5
hydrophilic,0.5
npc,0.5
dissociate,0.5
cb,0.5
delivery,0.5
tetramer,0.5
balancer,0.5
camkii,0.5
sheet,0.5
silent,0.5
ma,0.5
puf,0.5
subgroup,0.5
user,0.5
brugia,0.5
120,0.5
developmentstudy,0.5
usefulness,0.5
thioredoxin,0.5
pathways,0.5
fell,0.5
fork,0.5
ce21,0.5
summary,0.5
alpha2,0.5
recycling,0.5
groove,0.5
inexpensive,0.5
narrow,0.5
emphasis,0.5
peptides,0.5
asel,0.5
owe,0.5
foundation,0.5
pocket,0.5
domainresult,0.5
bivalents,0.5
tm,0.5
mycelial,0.5
polarized,0.5
cryptic,0.5
fresh,0.5
coenzyme,0.5
accuracy,0.5
uniform,0.5
overview,0.5
wheat,0.5
crossing,0.5
illuminate,0.5
retrotransposons,0.5
modern,0.5
recombine,0.5
exoskeleton,0.5
estrogen,0.5
ionotropic,0.5
nsm,0.5
mate,0.5
acceleration,0.5
top,0.5
52,0.5
oligonucleotides,0.5
67,0.5
pkc1b,0.5
equalize,0.5
backbone,0.5
bdu,0.5
octopamine,0.5
vivoresult,0.5
dry,0.5
detoxification,0.5
inhibiting,0.5
physiologically,0.5
prokaryote,0.5
elegansanalysis,0.5
pdi,0.5
sever,0.5
attributable,0.5
interstimulus,0.5
mirna,0.5
egl,0.5
centromeric,0.5
embryoshow,0.5
perinuclear,0.5
exactly,0.5
guanylate,0.5
nucleoside,0.5
phenotyperesult,0.5
gradually,0.5
typhimurium,0.5
repulsive,0.5
build,0.5
developmentcaenorhabditis,0.5
vpe2,0.5
proteomics,0.5
prematurely,0.5
vinculin,0.5
suspend,0.5
immunoelectron,0.5
cytological,0.5
cambridge,0.5
acclimatization,0.5
chemosensation,0.5
cellmutant,0.5
repeatedly,0.5
rectal,0.5
intake,0.5
coactivator,0.5
excitable,0.5
collectively,0.5
amoeba,0.5
celladdition,0.5
blocking,0.5
detecting,0.5
genereport,0.5
saturable,0.5
eleganscell,0.5
fa,0.5
swim,0.5
proton,0.5
glycogen,0.5
inflammatory,0.5
gst,0.5
sulfhydryl,0.5
thymus,0.5
modality,0.5
performance,0.5
assist,0.5
punctata,0.5
chart,0.5
century,0.5
cka1,0.5
sequentially,0.5
56,0.5
ppm,0.5
colchicine,0.5
filtrate,0.5
occasionally,0.5
cyanide,0.5
wgatar,0.5
antigenic,0.5
duct,0.5
edit,0.5
prize,0.5
breakpoint,0.5
initiator,0.5
inoculum,0.5
revert,0.5
hcf,0.5
pol,0.5
accept,0.5
sec,0.5
serotype,0.5
synaptotagmin,0.5
genefind,0.5
bend,0.5
establishes,0.5
cp,0.5
thr,0.5
window,0.5
promotion,0.5
nmd,0.5
cellgenetic,0.5
underlies,0.5
g1,0.5
reflects,0.5
p38,0.5
lc50s,0.5
modeling,0.5
thermosensation,0.5
coincident,0.5
tumour,0.5
neurological,0.5
faecalis,0.5
dendritic,0.5
aerobic,0.5
aiz,0.5
hedgehog,0.5
neurite,0.5
resist,0.5
e190,0.5
intrinsically,0.5
equation,0.5
predator,0.5
mineral,0.5
ciliary,0.5
chr3,0.5
hmg,0.5
98,0.5
tendency,0.5
muscleresult,0.5
dock,0.5
le,0.5
developmentnematode,0.5
numerator,0.5
intervene,0.5
ec50,0.5
ionize,0.5
fruitfly,0.5
synaptobrevin,0.5
protofilaments,0.5
spherical,0.5
vast,0.5
mab,0.5
ongoing,0.5
strip,0.5
2a,0.5
hard,0.5
assumption,0.5
cellrecent,0.5
initiating,0.5
3d,0.5
insp,0.5
rcm,0.5
repeated,0.5
punctate,0.5
selfing,0.5
irregular,0.5
53,0.5
obtaining,0.5
68,0.5
mount,0.5
geneelegans,0.5
helicases,0.5
footprint,0.5
colocalized,0.5
encompass,0.5
inducer,0.5
critically,0.5
fluoxetine,0.5
transferase,0.5
88,0.5
publication,0.5
kilobase,0.5
nanos,0.5
pulse,0.5
hot,0.5
immunoreactivity,0.5
fgfs,0.5
monoxenic,0.5
eleganspredict,0.5
persist,0.5
surveillance,0.5
stepwise,0.5
river,0.5
eleganscaenorhabditis,0.5
mechanosensation,0.5
ile,0.5
elegansinvestigate,0.5
persistence,0.5
s6k,0.5
aspartyl,0.5
frameshift,0.5
wavelength,0.5
counteract,0.5
nearby,0.5
unfertilized,0.5
capsule,0.5
cuticlin,0.5
truncation,0.5
reactivity,0.5
160,0.5
p70,0.5
accessory,0.5
harsh,0.5
shmt,0.5
cephalic,0.5
immunostaining,0.5
sphincter,0.5
voltage,0.5
absorption,0.5
ecological,0.5
intersperse,0.5
hyperactive,0.5
exclusive,0.5
nematicides,0.5
suffer,0.5
incorrect,0.5
heme,0.5
ornithine,0.5
protects,0.5
moult,0.5
synchronously,0.5
skr,0.5
110,0.5
